Transaction ID,Date,Product Category,Product Name,Units Sold,Unit Price,Total Revenue,Predicted Revenue,Region,Payment Method,Month,DayOfWeek
10001,2024-01-01,Electronics,iPhone 14 Pro,2,999.99,1999.98,2000.1315813689246,North America,Credit Card,1,0
10002,2024-01-02,Home Appliances,Dyson V11 Vacuum,1,499.99,499.99,499.3256438458077,Europe,PayPal,1,1
10003,2024-01-03,Clothing,Levi's 501 Jeans,3,69.99,209.97,206.90417754391345,Asia,Debit Card,1,2
10004,2024-01-04,Books,The Da Vinci Code,4,15.99,63.96,64.81469522796985,North America,Credit Card,1,3
10005,2024-01-05,Beauty Products,Neutrogena Skincare Set,1,89.99,89.99,90.77958905163582,Europe,PayPal,1,4
10006,2024-01-06,Sports,Wilson Evolution Basketball,5,29.99,149.95,148.87779483048575,Asia,Credit Card,1,5
10007,2024-01-07,Electronics,MacBook Pro 16-inch,1,2499.99,2499.99,2542.74206256165,North America,Credit Card,1,6
10008,2024-01-08,Home Appliances,Blueair Classic 480i,2,599.99,1199.98,1203.214139662075,Europe,PayPal,1,0
10009,2024-01-09,Clothing,Nike Air Force 1,6,89.99,539.94,539.8922296410702,Asia,Debit Card,1,1
10010,2024-01-10,Books,Dune by Frank Herbert,2,25.99,51.98,47.242457487492466,North America,Credit Card,1,2
10011,2024-01-11,Beauty Products,Chanel No. 5 Perfume,1,129.99,129.99,140.30057641526528,Europe,PayPal,1,3
10012,2024-01-12,Sports,Babolat Pure Drive Tennis Racket,3,199.99,599.97,598.9656393292241,Asia,Credit Card,1,4
10013,2024-01-13,Electronics,Samsung Galaxy Tab S8,2,749.99,1499.98,1499.9230881049532,North America,Credit Card,1,5
10014,2024-01-14,Home Appliances,Keurig K-Elite Coffee Maker,1,189.99,189.99,189.3835361595932,Europe,PayPal,1,6
10015,2024-01-15,Clothing,North Face Down Jacket,2,249.99,499.98,499.139373682387,Asia,Debit Card,1,0
10016,2024-01-16,Books,"Salt, Fat, Acid, Heat by Samin Nosrat",3,35.99,107.97,80.46606924124302,North America,Credit Card,1,1
10017,2024-01-17,Beauty Products,Dyson Supersonic Hair Dryer,1,399.99,399.99,404.9171358991598,Europe,PayPal,1,2
10018,2024-01-18,Sports,Manduka PRO Yoga Mat,4,119.99,479.96,479.65043011391225,Asia,Credit Card,1,3
10019,2024-01-19,Electronics,Garmin Forerunner 945,2,499.99,999.98,895.5094417526085,North America,Credit Card,1,4
10020,2024-01-20,Home Appliances,Ninja Professional Blender,1,99.99,99.99,93.60886229574189,Europe,PayPal,1,5
10021,2024-01-21,Clothing,Zara Summer Dress,3,59.99,179.97,181.05840083658038,Asia,Debit Card,1,6
10022,2024-01-22,Books,Gone Girl by Gillian Flynn,2,22.99,45.98,45.32856224318486,North America,Credit Card,1,0
10023,2024-01-23,Beauty Products,Olay Regenerist Face Cream,1,49.99,49.99,50.745966321110586,Europe,PayPal,1,1
10024,2024-01-24,Sports,Adidas FIFA World Cup Football,3,29.99,89.97,93.62446761782641,Asia,Credit Card,1,2
10025,2024-01-25,Electronics,Bose QuietComfort 35 Headphones,1,299.99,299.99,310.3565235396717,North America,Credit Card,1,3
10026,2024-01-26,Home Appliances,Panasonic NN-SN966S Microwave,1,179.99,179.99,190.85426209622534,Europe,PayPal,1,4
10027,2024-01-27,Clothing,Adidas Ultraboost Shoes,2,179.99,359.98,359.77700754008646,Asia,Debit Card,1,5
10028,2024-01-28,Books,Pride and Prejudice by Jane Austen,3,12.99,38.97,38.94510688778298,North America,Credit Card,1,6
10029,2024-01-29,Beauty Products,MAC Ruby Woo Lipstick,1,29.99,29.99,28.988951132038515,Europe,PayPal,1,0
10030,2024-01-30,Sports,Nike Air Zoom Pegasus 37,2,129.99,259.98,262.2193293540491,Asia,Credit Card,1,1
10031,2024-01-31,Electronics,Sony WH-1000XM4 Headphones,2,349.99,699.98,676.4623061764958,North America,Credit Card,1,2
10032,2024-02-01,Home Appliances,Instant Pot Duo,3,89.99,269.97,270.01564212334,Europe,PayPal,2,3
10033,2024-02-02,Clothing,Under Armour HeatGear T-Shirt,5,29.99,149.95,150.70188297840608,Asia,Debit Card,2,4
10034,2024-02-03,Books,1984 by George Orwell,4,19.99,79.96,80.29455155499281,North America,Credit Card,2,5
10035,2024-02-04,Beauty Products,L'Oreal Revitalift Serum,2,39.99,79.98,80.5893274920994,Europe,PayPal,2,6
10036,2024-02-05,Sports,Peloton Bike,1,1895.0,1895.0,1894.8562409413669,Asia,Credit Card,2,0
10037,2024-02-06,Electronics,Apple Watch Series 8,3,399.99,1199.97,1203.231520866828,North America,Credit Card,2,1
10038,2024-02-07,Home Appliances,Roomba i7+,2,799.99,1599.98,1599.0438902917333,Europe,PayPal,2,2
10039,2024-02-08,Clothing,Columbia Fleece Jacket,4,59.99,239.96,249.8420302786019,Asia,Debit Card,2,3
10040,2024-02-09,Books,Harry Potter and the Sorcerer's Stone,3,24.99,74.97,74.49192632435214,North America,Credit Card,2,4
10041,2024-02-10,Beauty Products,Estee Lauder Advanced Night Repair,1,105.0,105.0,105.28685702163845,Europe,PayPal,2,5
10042,2024-02-11,Sports,Fitbit Charge 5,2,129.99,259.98,259.2153212833854,Asia,Credit Card,2,6
10043,2024-02-12,Electronics,GoPro HERO10 Black,3,399.99,1199.97,1195.5666682576343,North America,Credit Card,2,0
10044,2024-02-13,Home Appliances,Nespresso VertuoPlus,1,199.99,199.99,201.18883303794448,Europe,PayPal,2,1
10045,2024-02-14,Clothing,Patagonia Better Sweater,2,139.99,279.98,280.31524632615657,Asia,Debit Card,2,2
10046,2024-02-15,Books,Becoming by Michelle Obama,4,32.5,130.0,107.93945581123472,North America,Credit Card,2,3
10047,2024-02-16,Beauty Products,Clinique Moisture Surge,1,52.0,52.0,53.64090811481772,Europe,PayPal,2,4
10048,2024-02-17,Sports,Yeti Rambler Tumbler,6,39.99,239.94,239.8253313553388,Asia,Credit Card,2,5
10049,2024-02-18,Electronics,Kindle Paperwhite,2,129.99,259.98,259.3265109524101,North America,Credit Card,2,6
10050,2024-02-19,Home Appliances,Breville Smart Oven,1,299.99,299.99,300.1307683085319,Europe,PayPal,2,0
10051,2024-02-20,Clothing,Ray-Ban Aviator Sunglasses,3,154.99,464.97,466.8139388849773,Asia,Debit Card,2,1
10052,2024-02-21,Books,The Silent Patient by Alex Michaelides,2,26.99,53.98,52.92572015436138,North America,Credit Card,2,2
10053,2024-02-22,Beauty Products,Shiseido Ultimate Sun Protector,1,49.0,49.0,47.135359832017144,Europe,PayPal,2,3
10054,2024-02-23,Sports,Titleist Pro V1 Golf Balls,5,49.99,249.95,249.85132507578214,Asia,Credit Card,2,4
10055,2024-02-24,Electronics,Anker PowerCore Portable Charger,4,59.99,239.96,239.05697424382723,North America,Credit Card,2,5
10056,2024-02-25,Home Appliances,KitchenAid Artisan Stand Mixer,1,499.99,499.99,501.5853646147716,Europe,PayPal,2,6
10057,2024-02-26,Clothing,Calvin Klein Boxer Briefs,5,29.99,149.95,150.81486824496818,Asia,Debit Card,2,0
10058,2024-02-27,Books,Educated by Tara Westover,3,28.0,84.0,82.51615615198651,North America,Credit Card,2,1
10059,2024-02-28,Beauty Products,Anastasia Beverly Hills Brow Wiz,2,23.0,46.0,45.76641831596823,Europe,PayPal,2,2
10060,2024-02-29,Sports,Hyperice Hypervolt Massager,1,349.0,349.0,346.6422646800168,Asia,Credit Card,2,3
10061,2024-03-01,Electronics,Nintendo Switch,3,299.99,899.97,903.6364857177894,North America,Credit Card,3,4
10062,2024-03-02,Home Appliances,Philips Airfryer XXL,2,199.99,399.98,402.6029763412742,Europe,PayPal,3,5
10063,2024-03-03,Clothing,Hanes ComfortSoft T-Shirt,10,9.99,99.9,99.53856551731677,Asia,Debit Card,3,6
10064,2024-03-04,Books,Where the Crawdads Sing by Delia Owens,4,18.99,75.96,76.97636601903079,North America,Credit Card,3,0
10065,2024-03-05,Beauty Products,Lancome La Vie Est Belle,1,102.0,102.0,101.73996135570485,Europe,PayPal,3,1
10066,2024-03-06,Sports,Garmin Edge 530,2,299.99,599.98,599.4128821828192,Asia,Credit Card,3,2
10067,2024-03-07,Electronics,Samsung QLED 4K TV,1,1199.99,1199.99,1263.5612660581075,North America,Credit Card,3,3
10068,2024-03-08,Home Appliances,Eufy RoboVac 11S,3,219.99,659.97,656.9474914831708,Europe,PayPal,3,4
10069,2024-03-09,Clothing,Puma Suede Classic Sneakers,4,59.99,239.96,239.75989989474672,Asia,Debit Card,3,5
10070,2024-03-10,Books,The Great Gatsby by F. Scott Fitzgerald,2,10.99,21.98,18.747343985594547,North America,Credit Card,3,6
10071,2024-03-11,Beauty Products,Drunk Elephant C-Firma Day Serum,1,78.0,78.0,76.8970974301899,Europe,PayPal,3,0
10072,2024-03-12,Sports,Nike Metcon 6,3,129.99,389.97,388.97939766214733,Asia,Credit Card,3,1
10073,2024-03-13,Electronics,HP Spectre x360 Laptop,1,1599.99,1599.99,1600.381162963763,North America,Credit Card,3,2
10074,2024-03-14,Home Appliances,De'Longhi Magnifica Espresso Machine,1,899.99,899.99,901.6404510417268,Europe,PayPal,3,3
10075,2024-03-15,Clothing,Tommy Hilfiger Polo Shirt,5,49.99,249.95,249.12247015169405,Asia,Debit Card,3,4
10076,2024-03-16,Books,To Kill a Mockingbird by Harper Lee,4,14.99,59.96,60.16021914858434,North America,Credit Card,3,5
10077,2024-03-17,Beauty Products,Glossier Boy Brow,2,16.0,32.0,31.868219899129855,Europe,PayPal,3,6
10078,2024-03-18,Sports,Rogue Fitness Kettlebell,3,69.99,209.97,210.1591374234003,Asia,Credit Card,3,0
10079,2024-03-19,Electronics,Apple AirPods Pro,2,249.99,499.98,497.8828500763378,North America,Credit Card,3,1
10080,2024-03-20,Home Appliances,Dyson Pure Cool Link,1,499.99,499.99,500.55953499903103,Europe,PayPal,3,2
10081,2024-03-21,Clothing,Levi's Trucker Jacket,2,89.99,179.98,184.17098793886564,Asia,Debit Card,3,3
10082,2024-03-22,Books,The Hobbit by J.R.R. Tolkien,3,12.99,38.97,39.84267783318399,North America,Credit Card,3,4
10083,2024-03-23,Beauty Products,Charlotte Tilbury Magic Cream,1,100.0,100.0,100.79705995950654,Europe,PayPal,3,5
10084,2024-03-24,Sports,Spalding NBA Street Basketball,6,24.99,149.94,149.43160759049675,Asia,Credit Card,3,6
10085,2024-03-25,Electronics,Ring Video Doorbell,1,99.99,99.99,100.56220905699924,North America,Credit Card,3,0
10086,2024-03-26,Home Appliances,LG OLED TV,2,1299.99,2599.98,2599.6941895110335,Europe,PayPal,3,1
10087,2024-03-27,Clothing,Uniqlo Ultra Light Down Jacket,3,79.99,239.97,253.57567208486668,Asia,Debit Card,3,2
10088,2024-03-28,Books,The Catcher in the Rye by J.D. Salinger,4,13.99,55.96,55.57379421334223,North America,Credit Card,3,3
10089,2024-03-29,Beauty Products,Sunday Riley Good Genes,1,105.0,105.0,102.22705515786906,Europe,PayPal,3,4
10090,2024-03-30,Sports,On Running Cloud Shoes,2,129.99,259.98,261.9247572172097,Asia,Credit Card,3,5
10091,2024-03-31,Electronics,Logitech MX Master 3 Mouse,2,99.99,199.98,201.47250322025738,North America,Credit Card,3,6
10092,2024-04-01,Home Appliances,Instant Pot Duo Crisp,1,179.99,179.99,179.88866916804452,Europe,PayPal,4,0
10093,2024-04-02,Clothing,Adidas Originals Superstar Sneakers,4,79.99,319.96,319.5980907996702,Asia,Debit Card,4,1
10094,2024-04-03,Books,The Alchemist by Paulo Coelho,3,14.99,44.97,43.71226749896016,North America,Credit Card,4,2
10095,2024-04-04,Beauty Products,Tatcha The Water Cream,1,68.0,68.0,68.58569187344685,Europe,PayPal,4,3
10096,2024-04-05,Sports,Garmin Fenix 6X Pro,1,999.99,999.99,1000.5213564359348,Asia,Credit Card,4,4
10097,2024-04-06,Electronics,Bose SoundLink Revolve+ Speaker,3,299.99,899.97,920.6991576303374,North America,Credit Card,4,5
10098,2024-04-07,Home Appliances,Vitamix Explorian Blender,1,349.99,349.99,349.7440011045946,Europe,PayPal,4,6
10099,2024-04-08,Clothing,Gap Essential Crewneck T-Shirt,6,19.99,119.94,119.82343023845976,Asia,Debit Card,4,0
10100,2024-04-09,Books,The Power of Now by Eckhart Tolle,2,12.99,25.98,25.66494066799341,North America,Credit Card,4,1
10101,2024-04-10,Beauty Products,Kiehl's Midnight Recovery Concentrate,1,82.0,82.0,82.62177934249908,Europe,PayPal,4,2
10102,2024-04-11,Sports,Under Armour HOVR Sonic 4 Shoes,2,109.99,219.98,216.0488361414586,Asia,Credit Card,4,3
10103,2024-04-12,Electronics,Canon EOS R5 Camera,1,3899.99,3899.99,3899.2767342980387,North America,Credit Card,4,4
10104,2024-04-13,Home Appliances,Shark IQ Robot Vacuum,2,349.99,699.98,698.9820078105923,Europe,PayPal,4,5
10105,2024-04-14,Clothing,H&M Slim Fit Jeans,3,39.99,119.97,128.17652293728145,Asia,Debit Card,4,6
10106,2024-04-15,Books,The Girl on the Train by Paula Hawkins,4,10.99,43.96,43.91355381650866,North America,Credit Card,4,0
10107,2024-04-16,Beauty Products,The Ordinary Niacinamide Serum,1,6.5,6.5,6.555329579757459,Europe,PayPal,4,1
10108,2024-04-17,Sports,Bowflex SelectTech 552 Dumbbells,1,399.99,399.99,400.9814592031514,Asia,Credit Card,4,2
10109,2024-04-18,Electronics,Google Nest Hub Max,2,229.99,459.98,465.7426887434349,North America,Credit Card,4,3
10110,2024-04-19,Home Appliances,Cuisinart Griddler Deluxe,1,159.99,159.99,174.71557669260145,Europe,PayPal,4,4
10111,2024-04-20,Clothing,Old Navy Relaxed-Fit T-Shirt,4,14.99,59.96,60.884904017659046,Asia,Debit Card,4,5
10112,2024-04-21,Books,Sapiens: A Brief History of Humankind by Yuval Noah Harari,2,18.99,37.98,38.88487114244194,North America,Credit Card,4,6
10113,2024-04-22,Beauty Products,Biore UV Aqua Rich Watery Essence Sunscreen,1,15.0,15.0,12.695759771069435,Europe,PayPal,4,0
10114,2024-04-23,Sports,Fitbit Versa 3,3,229.95,689.85,627.0385361783518,Asia,Credit Card,4,1
10115,2024-04-24,Electronics,Amazon Echo Show 10,1,249.99,249.99,267.40635027908144,North America,Credit Card,4,2
10116,2024-04-25,Home Appliances,Breville Smart Grill,2,299.95,599.9,597.8883090736335,Europe,PayPal,4,3
10117,2024-04-26,Clothing,Gap High Rise Skinny Jeans,3,49.99,149.97,150.16187318785964,Asia,Debit Card,4,4
10118,2024-04-27,Books,Atomic Habits by James Clear,4,16.99,67.96,65.92048033085382,North America,Credit Card,4,5
10119,2024-04-28,Beauty Products,CeraVe Hydrating Facial Cleanser,2,14.99,29.98,29.184293719326405,Europe,PayPal,4,6
10120,2024-04-29,Sports,YETI Hopper Flip Portable Cooler,1,249.99,249.99,252.63768813938373,Asia,Credit Card,4,0
10121,2024-04-30,Electronics,Apple iPad Air,2,599.99,1199.98,1197.4717500669256,North America,Credit Card,4,1
10122,2024-05-01,Home Appliances,Hamilton Beach FlexBrew Coffee Maker,1,89.99,89.99,88.94893887065228,Europe,PayPal,5,2
10123,2024-05-02,Clothing,Forever 21 Graphic Tee,5,12.99,64.95,65.5030623891631,Asia,Debit Card,5,3
10124,2024-05-03,Books,The Subtle Art of Not Giving a F*ck by Mark Manson,3,14.99,44.97,43.715956799722285,North America,Credit Card,5,4
10125,2024-05-04,Beauty Products,NARS Radiant Creamy Concealer,1,30.0,30.0,30.67131679623404,Europe,PayPal,5,5
10126,2024-05-05,Sports,Yeti Roadie 24 Cooler,1,199.99,199.99,198.3935617978217,Asia,Credit Card,5,6
10127,2024-05-06,Electronics,Sony PlayStation 5,1,499.99,499.99,498.9359425496996,North America,Credit Card,5,0
10128,2024-05-07,Home Appliances,Dyson Supersonic Hair Dryer,2,399.99,799.98,902.0433078211123,Europe,PayPal,5,1
10129,2024-05-08,Clothing,Lululemon Align Leggings,3,98.0,294.0,290.4095318082798,Asia,Debit Card,5,2
10130,2024-05-09,Books,The Four Agreements by Don Miguel Ruiz,2,8.99,17.98,18.00651064528205,North America,Credit Card,5,3
10131,2024-05-10,Beauty Products,Fenty Beauty Killawatt Highlighter,1,36.0,36.0,35.163757756875384,Europe,PayPal,5,4
10132,2024-05-11,Sports,Hydro Flask Wide Mouth Water Bottle,4,39.95,159.8,162.6588205191942,Asia,Credit Card,5,5
10133,2024-05-12,Electronics,Microsoft Surface Laptop 4,1,1299.99,1299.99,1301.1936857292328,North America,Credit Card,5,6
10134,2024-05-13,Home Appliances,Keurig K-Mini Coffee Maker,2,79.99,159.98,163.80508389272345,Europe,PayPal,5,0
10135,2024-05-14,Clothing,Gap Crewneck Sweatshirt,4,34.99,139.96,138.0451178484613,Asia,Debit Card,5,1
10136,2024-05-15,Books,Think and Grow Rich by Napoleon Hill,3,9.99,29.97,31.33464957646681,North America,Credit Card,5,2
10137,2024-05-16,Beauty Products,The Ordinary Hyaluronic Acid Serum,1,6.8,6.8,6.478925964402598,Europe,PayPal,5,3
10138,2024-05-17,Sports,Fitbit Inspire 2,2,99.95,199.9,203.31727432472505,Asia,Credit Card,5,4
10139,2024-05-18,Electronics,Samsung Odyssey G9 Gaming Monitor,1,1499.99,1499.99,1498.7468300998341,North America,Credit Card,5,5
10140,2024-05-19,Home Appliances,Instant Pot Ultra,1,139.99,139.99,139.99277323643008,Europe,PayPal,5,6
10141,2024-05-20,Clothing,Adidas Essential Track Pants,3,44.99,134.97,131.7624660263492,Asia,Debit Card,5,0
10142,2024-05-21,Books,The Power of Habit by Charles Duhigg,2,11.99,23.98,23.961487787959097,North America,Credit Card,5,1
10143,2024-05-22,Beauty Products,Clinique Dramatically Different Moisturizing Lotion,1,29.5,29.5,29.873372727682217,Europe,PayPal,5,2
10144,2024-05-23,Sports,YETI Tundra 45 Cooler,1,299.99,299.99,306.4424892153114,Asia,Credit Card,5,3
10145,2024-05-24,Electronics,Apple AirPods Max,1,549.0,549.0,548.8510886738746,North America,Credit Card,5,4
10146,2024-05-25,Home Appliances,Cuisinart Coffee Center,2,199.95,399.9,396.0055054671603,Europe,PayPal,5,5
10147,2024-05-26,Clothing,Levi's Sherpa Trucker Jacket,2,98.0,196.0,196.62209994359418,Asia,Debit Card,5,6
10148,2024-05-27,Books,The Outsiders by S.E. Hinton,3,10.99,32.97,32.82663424633369,North America,Credit Card,5,0
10149,2024-05-28,Beauty Products,Laneige Water Sleeping Mask,1,25.0,25.0,25.845487512053353,Europe,PayPal,5,1
10150,2024-05-29,Sports,Bose SoundSport Wireless Earbuds,2,149.99,299.98,299.45038021436625,Asia,Credit Card,5,2
10151,2024-05-30,Electronics,Sony WH-1000XM4 Headphones,1,349.99,349.99,352.3804632839179,North America,Credit Card,5,3
10152,2024-05-31,Home Appliances,Ninja Foodi Pressure Cooker,2,199.99,399.98,400.95495574471704,Europe,PayPal,5,4
10153,2024-06-01,Clothing,Nike Sportswear Club Fleece Hoodie,3,54.99,164.97,152.10913421634933,Asia,Debit Card,6,5
10154,2024-06-02,Books,The Night Circus by Erin Morgenstern,2,16.99,33.98,31.450201604509886,North America,Credit Card,6,6
10155,2024-06-03,Beauty Products,GlamGlow Supermud Clearing Treatment,1,59.0,59.0,58.45965830143684,Europe,PayPal,6,0
10156,2024-06-04,Sports,Garmin Forerunner 245,1,299.99,299.99,300.31661791094945,Asia,Credit Card,6,1
10157,2024-06-05,Electronics,Google Pixel 6 Pro,1,899.99,899.99,839.375578596819,North America,Credit Card,6,2
10158,2024-06-06,Home Appliances,Breville Nespresso Creatista Plus,1,499.95,499.95,499.8936421221367,Europe,PayPal,6,3
10159,2024-06-07,Clothing,Under Armour Tech 2.0 T-Shirt,4,24.99,99.96,100.71584100641451,Asia,Debit Card,6,4
10160,2024-06-08,Books,The Art of War by Sun Tzu,3,7.99,23.97,24.695566793054752,North America,Credit Card,6,5
10161,2024-06-09,Beauty Products,Youth to the People Superfood Antioxidant Cleanser,1,36.0,36.0,35.92816081815386,Europe,PayPal,6,6
10162,2024-06-10,Sports,TriggerPoint GRID Foam Roller,2,34.99,69.98,69.80895067787935,Asia,Credit Card,6,0
10163,2024-06-11,Electronics,Apple MacBook Air,1,1199.99,1199.99,1198.9082524674768,North America,Credit Card,6,1
10164,2024-06-12,Home Appliances,Cuisinart Custom 14-Cup Food Processor,1,199.99,199.99,199.26778922304004,Europe,PayPal,6,2
10165,2024-06-13,Clothing,Adidas 3-Stripes Shorts,5,29.99,149.95,148.952274104185,Asia,Debit Card,6,3
10166,2024-06-14,Books,The Hunger Games by Suzanne Collins,4,8.99,35.96,33.75949037872494,North America,Credit Card,6,4
10167,2024-06-15,Beauty Products,Neutrogena Hydro Boost Water Gel,1,16.99,16.99,17.274419562315074,Europe,PayPal,6,5
10168,2024-06-16,Sports,Yeti Rambler Bottle,3,49.99,149.97,148.95133125297056,Asia,Credit Card,6,6
10169,2024-06-17,Electronics,Samsung Odyssey G7 Gaming Monitor,1,699.99,699.99,669.6559463126903,North America,Credit Card,6,0
10170,2024-06-18,Home Appliances,Instant Pot Duo Evo Plus,2,139.99,279.98,277.15710739342745,Europe,PayPal,6,1
10171,2024-06-19,Clothing,Nike Tempo Running Shorts,3,34.99,104.97,106.36727853858605,Asia,Debit Card,6,2
10172,2024-06-20,Books,The Girl with the Dragon Tattoo by Stieg Larsson,2,9.99,19.98,20.57934403316099,North America,Credit Card,6,3
10173,2024-06-21,Beauty Products,Paula's Choice Skin Perfecting 2% BHA Liquid Exfoliant,1,29.5,29.5,30.31610804026183,Europe,PayPal,6,4
10174,2024-06-22,Sports,Bowflex SelectTech 1090 Adjustable Dumbbells,1,699.99,699.99,698.0586959338151,Asia,Credit Card,6,5
10175,2024-06-23,Electronics,Amazon Fire TV Stick 4K,3,49.99,149.97,148.75047322950704,North America,Credit Card,6,6
10176,2024-06-24,Home Appliances,Crock-Pot 6-Quart Slow Cooker,2,49.99,99.98,85.2745340333158,Europe,PayPal,6,0
10177,2024-06-25,Clothing,Uniqlo Airism Mesh Boxer Briefs,4,14.9,59.6,58.82968818418704,Asia,Debit Card,6,1
10178,2024-06-26,Books,The Sun Also Rises by Ernest Hemingway,3,11.99,35.97,36.295268845419635,North America,Credit Card,6,2
10179,2024-06-27,Beauty Products,First Aid Beauty Ultra Repair Cream,2,34.0,68.0,66.50224064551335,Europe,PayPal,6,3
10180,2024-06-28,Sports,Oakley Holbrook Sunglasses,1,146.0,146.0,143.5407095464453,Asia,Credit Card,6,4
10181,2024-06-29,Electronics,Google Pixelbook Go,1,649.99,649.99,653.1737298482151,North America,Credit Card,6,5
10182,2024-06-30,Home Appliances,Dyson V8 Absolute,1,399.99,399.99,401.2910855519185,Europe,PayPal,6,6
10183,2024-07-01,Clothing,Levi's 511 Slim Fit Jeans,3,59.99,179.97,186.6171614137424,Asia,Debit Card,7,0
10184,2024-07-02,Books,The Martian by Andy Weir,2,12.99,25.98,25.949536092228396,North America,Credit Card,7,1
10185,2024-07-03,Beauty Products,La Mer Cr√®me de la Mer Moisturizer,1,190.0,190.0,189.34230633551726,Europe,PayPal,7,2
10186,2024-07-04,Sports,Polar Vantage V2,1,499.95,499.95,499.8600199839147,Asia,Credit Card,7,3
10187,2024-07-05,Electronics,Sonos Beam Soundbar,1,399.0,399.0,397.8580086857843,North America,Credit Card,7,4
10188,2024-07-06,Home Appliances,Anova Precision Cooker,2,199.0,398.0,398.080107491633,Europe,PayPal,7,5
10189,2024-07-07,Clothing,Nike Dri-FIT Training Shorts,4,34.99,139.96,138.56985502821135,Asia,Debit Card,7,6
10190,2024-07-08,Books,The Catcher in the Rye by J.D. Salinger,3,10.99,32.97,33.183846384098786,North America,Credit Card,7,0
10191,2024-07-09,Beauty Products,Glossier Cloud Paint,1,18.0,18.0,17.08118687078325,Europe,PayPal,7,1
10192,2024-07-10,Sports,TRX All-in-One Suspension Training System,1,169.95,169.95,171.28250260237053,Asia,Credit Card,7,2
10193,2024-07-11,Electronics,Logitech G Pro X Wireless Gaming Headset,1,199.99,199.99,201.87966147722904,North America,Credit Card,7,3
10194,2024-07-12,Home Appliances,Breville Smart Coffee Grinder Pro,1,199.95,199.95,203.2862360770137,Europe,PayPal,7,4
10195,2024-07-13,Clothing,Adidas Ultraboost Running Shoes,2,179.99,359.98,358.83994385044855,Asia,Debit Card,7,5
10196,2024-07-14,Books,The Road by Cormac McCarthy,2,11.99,23.98,23.934613227660268,North America,Credit Card,7,6
10197,2024-07-15,Beauty Products,Tom Ford Black Orchid Perfume,1,125.0,125.0,126.56460328157303,Europe,PayPal,7,0
10198,2024-07-16,Sports,GoPro HERO9 Black,1,449.99,449.99,449.7580532728611,Asia,Credit Card,7,1
10199,2024-07-17,Electronics,Apple TV 4K,2,179.0,358.0,355.94376565250303,North America,Credit Card,7,2
10200,2024-07-18,Home Appliances,Instant Pot Duo Nova,1,99.95,99.95,96.2885278153978,Europe,PayPal,7,3
10201,2024-07-19,Clothing,Gap 1969 Original Fit Jeans,3,59.99,179.97,184.23325911961794,Asia,Debit Card,7,4
10202,2024-07-20,Books,The Goldfinch by Donna Tartt,2,14.99,29.98,27.178475694332832,North America,Credit Card,7,5
10203,2024-07-21,Beauty Products,Dr. Jart+ Cicapair Tiger Grass Color Correcting Treatment,1,52.0,52.0,52.55367656513393,Europe,PayPal,7,6
10204,2024-07-22,Sports,Yeti Tundra Haul Portable Wheeled Cooler,1,399.99,399.99,398.37694232436326,Asia,Credit Card,7,0
10205,2024-07-23,Electronics,Samsung Galaxy Watch 4,1,299.99,299.99,300.8908759640177,North America,Credit Card,7,1
10206,2024-07-24,Home Appliances,KitchenAid Stand Mixer,1,379.99,379.99,381.7282049944962,Europe,PayPal,7,2
10207,2024-07-25,Clothing,Lululemon Wunder Under High-Rise Leggings,2,98.0,196.0,209.1515714551822,Asia,Debit Card,7,3
10208,2024-07-26,Books,The Great Alone by Kristin Hannah,3,16.99,50.97,50.489881514656176,North America,Credit Card,7,4
10209,2024-07-27,Beauty Products,Caudalie Vinoperfect Radiance Serum,1,79.0,79.0,77.82237491537894,Europe,PayPal,7,5
10210,2024-07-28,Sports,Bose SoundLink Color Bluetooth Speaker II,1,129.0,129.0,129.61264187572132,Asia,Credit Card,7,6
10211,2024-07-29,Electronics,Canon EOS Rebel T7i DSLR Camera,1,749.99,749.99,750.644112850194,North America,Credit Card,7,0
10212,2024-07-30,Home Appliances,Keurig K-Elite Coffee Maker,2,169.99,339.98,343.140056625264,Europe,PayPal,7,1
10213,2024-07-31,Clothing,Uniqlo Airism Seamless Boxer Briefs,4,9.9,39.6,39.42928526312022,Asia,Debit Card,7,2
10214,2024-08-01,Books,The Girl with the Dragon Tattoo by Stieg Larsson,3,10.99,32.97,33.0171864162982,North America,Credit Card,8,3
10215,2024-08-02,Beauty Products,L'Occitane Shea Butter Hand Cream,2,29.0,58.0,56.383406501154006,Europe,PayPal,8,4
10216,2024-08-03,Sports,YETI Tundra 65 Cooler,1,349.99,349.99,351.572865315692,Asia,Credit Card,8,5
10217,2024-08-04,Electronics,Apple MacBook Pro 16-inch,1,2399.0,2399.0,2399.199640742771,North America,Credit Card,8,6
10218,2024-08-05,Home Appliances,iRobot Braava Jet M6,1,449.99,449.99,449.8887808030083,Europe,PayPal,8,0
10219,2024-08-06,Clothing,Champion Reverse Weave Hoodie,3,49.99,149.97,151.1002904677319,Asia,Debit Card,8,1
10220,2024-08-07,Books,The Nightingale by Kristin Hannah,2,12.99,25.98,25.908941468291058,North America,Credit Card,8,2
10221,2024-08-08,Beauty Products,Tarte Shape Tape Concealer,1,27.0,27.0,28.606652783941854,Europe,PayPal,8,3
10222,2024-08-09,Sports,Garmin Forerunner 945,1,599.99,599.99,680.814229318161,Asia,Credit Card,8,4
10223,2024-08-10,Electronics,Amazon Echo Dot (4th Gen),4,49.99,199.96,199.7756204852345,North America,Credit Card,8,5
10224,2024-08-11,Home Appliances,Philips Sonicare DiamondClean Toothbrush,2,229.99,459.98,458.9459569018229,Europe,PayPal,8,6
10225,2024-08-12,Clothing,Old Navy Mid-Rise Rockstar Super Skinny Jeans,2,44.99,89.98,90.67092325579466,Asia,Debit Card,8,0
10226,2024-08-13,Books,The Silent Patient by Alex Michaelides,3,26.99,80.97,80.36198862875435,North America,Credit Card,8,1
10227,2024-08-14,Beauty Products,The Ordinary Caffeine Solution 5% + EGCG,1,6.7,6.7,6.38641369947418,Europe,PayPal,8,2
10228,2024-08-15,Sports,Fitbit Luxe,2,149.95,299.9,294.7886576798747,Asia,Credit Card,8,3
10229,2024-08-16,Electronics,Google Nest Wifi Router,1,169.0,169.0,180.5085342428367,North America,Credit Card,8,4
10230,2024-08-17,Home Appliances,Anova Precision Oven,1,599.0,599.0,597.9833394769049,Europe,PayPal,8,5
10231,2024-08-18,Clothing,Adidas Originals Trefoil Hoodie,4,64.99,259.96,230.95456880865297,Asia,Debit Card,8,6
10232,2024-08-19,Books,Dune by Frank Herbert,2,9.99,19.98,20.084434159356377,North America,Credit Card,8,0
10233,2024-08-20,Beauty Products,Fresh Sugar Lip Treatment,1,24.0,24.0,25.000940102758236,Europe,PayPal,8,1
10234,2024-08-21,Sports,Hydro Flask Standard Mouth Water Bottle,3,32.95,98.85,105.81282256566091,Asia,Credit Card,8,2
10235,2024-08-22,Electronics,Bose QuietComfort 35 II Wireless Headphones,1,299.0,299.0,298.0875792600517,North America,Credit Card,8,3
10236,2024-08-23,Home Appliances,Nespresso Vertuo Next Coffee and Espresso Maker,1,159.99,159.99,175.2252655067673,Europe,PayPal,8,4
10237,2024-08-24,Clothing,Nike Air Force 1 Sneakers,3,90.0,270.0,270.16142683545655,Asia,Debit Card,8,5
10238,2024-08-25,Books,The Handmaid's Tale by Margaret Atwood,3,10.99,32.97,34.94605090627843,North America,Credit Card,8,6
10239,2024-08-26,Beauty Products,Sunday Riley Luna Sleeping Night Oil,1,55.0,55.0,54.698637779431564,Europe,PayPal,8,0
10240,2024-08-27,Sports,Yeti Rambler 20 oz Tumbler,2,29.99,59.98,59.901097059782785,Asia,Credit Card,8,1
